{
  "train_loop_config": {
    "depth": 4,
    "ffn_num_layers": 1,
    "final_lr_ratio": 0.5571923484852944,
    "init_lr_ratio": 0.4232739873802196,
    "max_lr": 0.00010750202190226437,
    "message_hidden_dim": 500,
    "warmup_epochs": 4
  }
}