{
  "train_loop_config": {
    "depth": 2,
    "ffn_num_layers": 1,
    "final_lr_ratio": 0.016910303944467575,
    "init_lr_ratio": 0.06591281352504652,
    "max_lr": 0.006878022899620568,
    "message_hidden_dim": 1400,
    "warmup_epochs": 6
  }
}