{
  "train_loop_config": {
    "depth": 4,
    "ffn_num_layers": 1,
    "final_lr_ratio": 0.04959642866950802,
    "init_lr_ratio": 0.03528742608456759,
    "max_lr": 0.00011987808490903023,
    "message_hidden_dim": 2400,
    "warmup_epochs": 19
  }
}