{
  "train_loop_config": {
    "depth": 5,
    "ffn_num_layers": 1,
    "final_lr_ratio": 0.020516721876174464,
    "init_lr_ratio": 0.013643210576018288,
    "max_lr": 0.0020265722459531107,
    "message_hidden_dim": 700,
    "warmup_epochs": 4
  }
}